id,title,course,contributor,resource_type,release_tier,public_url_status,public_url,github_url,onedrive_url
ads2-exam-skill-bundle-yiru,ADS2 Yiru Exam Skill Bundle,ADS2,Yiru,folder_bundle,core,released,https://github.com/CHENyiru3/awesome_ZJE_resource/tree/main/resources/COURSES/Year2/ADS2/Yiru/ADS2_Yiru_exam_skill_bundle,https://github.com/CHENyiru3/awesome_ZJE_resource/tree/main/resources/COURSES/Year2/ADS2/Yiru/ADS2_Yiru_exam_skill_bundle,https://zjuintl-my.sharepoint.com/:f:/g/personal/yiru_22_intl_zju_edu_cn/IgAQsSutUsB9SKby83Q5DBL8ARaH6G0SwoRC1PcAGeImmn4?e=c7kbO5
zip-ifbs-theme34-yue,IFBS2 Yue Theme 3-4 Notes,IFBS2,Yue,folder_bundle,core,released,https://github.com/CHENyiru3/awesome_ZJE_resource/tree/main/resources/COURSES/Year2/IFBS2/Yue/IFBS2_Yue_theme3_theme4,https://github.com/CHENyiru3/awesome_ZJE_resource/tree/main/resources/COURSES/Year2/IFBS2/Yue/IFBS2_Yue_theme3_theme4,https://zjuintl-my.sharepoint.com/:f:/g/personal/yiru_22_intl_zju_edu_cn/IgAQsSutUsB9SKby83Q5DBL8ARaH6G0SwoRC1PcAGeImmn4?e=c7kbO5
zip-pon-yue,PoN3 Yue Notes,PoN3,Yue,folder_bundle,core,released,https://github.com/CHENyiru3/awesome_ZJE_resource/tree/main/resources/COURSES/Year3/PoN3/Yue/PoN3_Yue_notes,https://github.com/CHENyiru3/awesome_ZJE_resource/tree/main/resources/COURSES/Year3/PoN3/Yue/PoN3_Yue_notes,https://zjuintl-my.sharepoint.com/:f:/g/personal/yiru_22_intl_zju_edu_cn/IgBFjNEq0SJTRoSULgSHjztQARzlUUuGBtdTGMKUllexUtA?e=GY314i
zip-bg2-sum-yiru,BG2 Yiru Summary,BG2,Yiru,folder_bundle,core,released,https://github.com/CHENyiru3/awesome_ZJE_resource/tree/main/resources/COURSES/Year2/BG2/Yiru/BG2_Yiru_summary,https://github.com/CHENyiru3/awesome_ZJE_resource/tree/main/resources/COURSES/Year2/BG2/Yiru/BG2_Yiru_summary,https://zjuintl-my.sharepoint.com/:f:/g/personal/yiru_22_intl_zju_edu_cn/IgAQsSutUsB9SKby83Q5DBL8ARaH6G0SwoRC1PcAGeImmn4?e=c7kbO5
zip-code-cheatsheet-yiru,Code Cheatsheet Yiru Collection,Code_Cheatsheet,Yiru,folder_bundle,core,released,https://github.com/CHENyiru3/awesome_ZJE_resource/tree/main/resources/COURSES/Shared/Code_Cheatsheet/Yiru/Code_Cheatsheet_Yiru_collection,https://github.com/CHENyiru3/awesome_ZJE_resource/tree/main/resources/COURSES/Shared/Code_Cheatsheet/Yiru/Code_Cheatsheet_Yiru_collection,https://zjuintl-my.sharepoint.com/:f:/g/personal/yiru_22_intl_zju_edu_cn/IgDoBTOVj1tKQIgVTYuh7EiiARbvwTZYgynoP30JCfSy3Rk?e=AlKMq4
zip-gp2-sum-yiru,GP2 Yiru Summary,GP2,Yiru,folder_bundle,core,released,https://github.com/CHENyiru3/awesome_ZJE_resource/tree/main/resources/COURSES/Year2/GP2/Yiru/GP2_Yiru_summary,https://github.com/CHENyiru3/awesome_ZJE_resource/tree/main/resources/COURSES/Year2/GP2/Yiru/GP2_Yiru_summary,https://zjuintl-my.sharepoint.com/:f:/g/personal/yiru_22_intl_zju_edu_cn/IgAQsSutUsB9SKby83Q5DBL8ARaH6G0SwoRC1PcAGeImmn4?e=c7kbO5
zip-ibms3-full-yiru,IBMS3 Yiru Full Notes,IBMS3,Yiru,folder_bundle,core,released,https://github.com/CHENyiru3/awesome_ZJE_resource/tree/main/resources/COURSES/Year3/IBMS3/Yiru/IBMS3_Yiru_full_notes,https://github.com/CHENyiru3/awesome_ZJE_resource/tree/main/resources/COURSES/Year3/IBMS3/Yiru/IBMS3_Yiru_full_notes,https://zjuintl-my.sharepoint.com/:f:/g/personal/yiru_22_intl_zju_edu_cn/IgBFjNEq0SJTRoSULgSHjztQARzlUUuGBtdTGMKUllexUtA?e=GY314i
zip-iid4-full-yiru,IID4 Yiru Full Notes,IID_4,Yiru,folder_bundle,core,released,https://github.com/CHENyiru3/awesome_ZJE_resource/tree/main/resources/COURSES/Year4/IID_4/Yiru/IID4_Yiru_full_notes,https://github.com/CHENyiru3/awesome_ZJE_resource/tree/main/resources/COURSES/Year4/IID_4/Yiru/IID4_Yiru_full_notes,https://zjuintl-my.sharepoint.com/:f:/g/personal/yiru_22_intl_zju_edu_cn/IgCSCCfBxURMSq5JFol9LPT0AUOWaYbFo67D2u_X_O8z508?e=vYnq5P
zip-mbe3-sum-yiru,MBE3 Yiru Summary,MBE3,Yiru,folder_bundle,core,released,https://github.com/CHENyiru3/awesome_ZJE_resource/tree/main/resources/COURSES/Year3/MBE3/Yiru/MBE3_Yiru_summary,https://github.com/CHENyiru3/awesome_ZJE_resource/tree/main/resources/COURSES/Year3/MBE3/Yiru/MBE3_Yiru_summary,https://zjuintl-my.sharepoint.com/:f:/g/personal/yiru_22_intl_zju_edu_cn/IgBFjNEq0SJTRoSULgSHjztQARzlUUuGBtdTGMKUllexUtA?e=GY314i
zip-pon3-full-yiru,PoN3 Yiru Full Notes,PoN3,Yiru,folder_bundle,core,released,https://github.com/CHENyiru3/awesome_ZJE_resource/tree/main/resources/COURSES/Year3/PoN3/Yiru/PoN3_Yiru_full_notes,https://github.com/CHENyiru3/awesome_ZJE_resource/tree/main/resources/COURSES/Year3/PoN3/Yiru/PoN3_Yiru_full_notes,https://zjuintl-my.sharepoint.com/:f:/g/personal/yiru_22_intl_zju_edu_cn/IgBFjNEq0SJTRoSULgSHjztQARzlUUuGBtdTGMKUllexUtA?e=GY314i
bg2-yiru-collection-of-disease-83195e15,BG2 Yiru Disease Collection.pdf,BG2,Yiru,individual_file,core,released,https://raw.githubusercontent.com/CHENyiru3/awesome_ZJE_resource/main/resources/COURSES/Year2/BG2/Yiru/BG2_Yiru_summary/BG2_Yiru_disease_collection.pdf,https://raw.githubusercontent.com/CHENyiru3/awesome_ZJE_resource/main/resources/COURSES/Year2/BG2/Yiru/BG2_Yiru_summary/BG2_Yiru_disease_collection.pdf,https://zjuintl-my.sharepoint.com/:f:/g/personal/yiru_22_intl_zju_edu_cn/IgAQsSutUsB9SKby83Q5DBL8ARaH6G0SwoRC1PcAGeImmn4?e=c7kbO5
bg2-yiru-collection-of-technology-6df3a98f,BG2 Yiru Technology Collection.pdf,BG2,Yiru,individual_file,core,released,https://raw.githubusercontent.com/CHENyiru3/awesome_ZJE_resource/main/resources/COURSES/Year2/BG2/Yiru/BG2_Yiru_summary/BG2_Yiru_technology_collection.pdf,https://raw.githubusercontent.com/CHENyiru3/awesome_ZJE_resource/main/resources/COURSES/Year2/BG2/Yiru/BG2_Yiru_summary/BG2_Yiru_technology_collection.pdf,https://zjuintl-my.sharepoint.com/:f:/g/personal/yiru_22_intl_zju_edu_cn/IgAQsSutUsB9SKby83Q5DBL8ARaH6G0SwoRC1PcAGeImmn4?e=c7kbO5
bg2-yiru-calculation-c4ec76cf,BG2 Yiru Calculations.pdf,BG2,Yiru,individual_file,core,released,https://raw.githubusercontent.com/CHENyiru3/awesome_ZJE_resource/main/resources/COURSES/Year2/BG2/Yiru/BG2_Yiru_summary/BG2_Yiru_calculations.pdf,https://raw.githubusercontent.com/CHENyiru3/awesome_ZJE_resource/main/resources/COURSES/Year2/BG2/Yiru/BG2_Yiru_summary/BG2_Yiru_calculations.pdf,https://zjuintl-my.sharepoint.com/:f:/g/personal/yiru_22_intl_zju_edu_cn/IgAQsSutUsB9SKby83Q5DBL8ARaH6G0SwoRC1PcAGeImmn4?e=c7kbO5
bao2-yue-bao-b4a4d26a,BaO2 Yue Incomplete Notes.pdf,BaO2,Yue,individual_file,core,released,https://raw.githubusercontent.com/CHENyiru3/awesome_ZJE_resource/main/resources/COURSES/Year2/BaO2/Yue/BaO2_Yue_incomplete_notes.pdf,https://raw.githubusercontent.com/CHENyiru3/awesome_ZJE_resource/main/resources/COURSES/Year2/BaO2/Yue/BaO2_Yue_incomplete_notes.pdf,https://zjuintl-my.sharepoint.com/:f:/g/personal/yiru_22_intl_zju_edu_cn/IgAQsSutUsB9SKby83Q5DBL8ARaH6G0SwoRC1PcAGeImmn4?e=c7kbO5
code-cheatsheet-yiru-java-sum-yiru-d19faa4c,Code Cheatsheet Yiru Java Summary.pdf,Code_Cheatsheet,Yiru,individual_file,core,released,https://raw.githubusercontent.com/CHENyiru3/awesome_ZJE_resource/main/resources/COURSES/Shared/Code_Cheatsheet/Yiru/Code_Cheatsheet_Yiru_collection/Code_Cheatsheet_Yiru_Java_summary.pdf,https://raw.githubusercontent.com/CHENyiru3/awesome_ZJE_resource/main/resources/COURSES/Shared/Code_Cheatsheet/Yiru/Code_Cheatsheet_Yiru_collection/Code_Cheatsheet_Yiru_Java_summary.pdf,https://zjuintl-my.sharepoint.com/:f:/g/personal/yiru_22_intl_zju_edu_cn/IgDoBTOVj1tKQIgVTYuh7EiiARbvwTZYgynoP30JCfSy3Rk?e=AlKMq4
code-cheatsheet-yiru-r-etc-z-library-b26e5231,Code Cheatsheet Yiru R Data Science Z-Library.pdf,Code_Cheatsheet,Yiru,individual_file,core,released,https://raw.githubusercontent.com/CHENyiru3/awesome_ZJE_resource/main/resources/COURSES/Shared/Code_Cheatsheet/Yiru/Code_Cheatsheet_Yiru_collection/Code_Cheatsheet_Yiru_R_data_science_Z-Library.pdf,https://raw.githubusercontent.com/CHENyiru3/awesome_ZJE_resource/main/resources/COURSES/Shared/Code_Cheatsheet/Yiru/Code_Cheatsheet_Yiru_collection/Code_Cheatsheet_Yiru_R_data_science_Z-Library.pdf,https://zjuintl-my.sharepoint.com/:f:/g/personal/yiru_22_intl_zju_edu_cn/IgDoBTOVj1tKQIgVTYuh7EiiARbvwTZYgynoP30JCfSy3Rk?e=AlKMq4
code-cheatsheet-yiru-sql-cheat-sheet-02d7f2aa,Code Cheatsheet Yiru SQL Cheat Sheet.pdf,Code_Cheatsheet,Yiru,individual_file,core,released,https://raw.githubusercontent.com/CHENyiru3/awesome_ZJE_resource/main/resources/COURSES/Shared/Code_Cheatsheet/Yiru/Code_Cheatsheet_Yiru_collection/Code_Cheatsheet_Yiru_SQL_cheat_sheet.pdf,https://raw.githubusercontent.com/CHENyiru3/awesome_ZJE_resource/main/resources/COURSES/Shared/Code_Cheatsheet/Yiru/Code_Cheatsheet_Yiru_collection/Code_Cheatsheet_Yiru_SQL_cheat_sheet.pdf,https://zjuintl-my.sharepoint.com/:f:/g/personal/yiru_22_intl_zju_edu_cn/IgDoBTOVj1tKQIgVTYuh7EiiARbvwTZYgynoP30JCfSy3Rk?e=AlKMq4
code-cheatsheet-yiru-base-r-cheat-sheet-550428b5,Code Cheatsheet Yiru Base R Cheat Sheet.pdf,Code_Cheatsheet,Yiru,individual_file,core,released,https://raw.githubusercontent.com/CHENyiru3/awesome_ZJE_resource/main/resources/COURSES/Shared/Code_Cheatsheet/Yiru/Code_Cheatsheet_Yiru_collection/Code_Cheatsheet_Yiru_Base_R_cheat_sheet.pdf,https://raw.githubusercontent.com/CHENyiru3/awesome_ZJE_resource/main/resources/COURSES/Shared/Code_Cheatsheet/Yiru/Code_Cheatsheet_Yiru_collection/Code_Cheatsheet_Yiru_Base_R_cheat_sheet.pdf,https://zjuintl-my.sharepoint.com/:f:/g/personal/yiru_22_intl_zju_edu_cn/IgDoBTOVj1tKQIgVTYuh7EiiARbvwTZYgynoP30JCfSy3Rk?e=AlKMq4
code-cheatsheet-yiru-data-visualization-4c76c19d,Code Cheatsheet Yiru Data Visualization.pdf,Code_Cheatsheet,Yiru,individual_file,core,released,https://raw.githubusercontent.com/CHENyiru3/awesome_ZJE_resource/main/resources/COURSES/Shared/Code_Cheatsheet/Yiru/Code_Cheatsheet_Yiru_collection/Code_Cheatsheet_Yiru_Data_visualization.pdf,https://raw.githubusercontent.com/CHENyiru3/awesome_ZJE_resource/main/resources/COURSES/Shared/Code_Cheatsheet/Yiru/Code_Cheatsheet_Yiru_collection/Code_Cheatsheet_Yiru_Data_visualization.pdf,https://zjuintl-my.sharepoint.com/:f:/g/personal/yiru_22_intl_zju_edu_cn/IgDoBTOVj1tKQIgVTYuh7EiiARbvwTZYgynoP30JCfSy3Rk?e=AlKMq4
code-cheatsheet-yiru-java-cheat-sheet-comprehensive-guide-a8c2150f,Code Cheatsheet Yiru Java Comprehensive Guide.pdf,Code_Cheatsheet,Yiru,individual_file,core,released,https://raw.githubusercontent.com/CHENyiru3/awesome_ZJE_resource/main/resources/COURSES/Shared/Code_Cheatsheet/Yiru/Code_Cheatsheet_Yiru_collection/Code_Cheatsheet_Yiru_Java_cheat_sheet_comprehensive_guide.pdf,https://raw.githubusercontent.com/CHENyiru3/awesome_ZJE_resource/main/resources/COURSES/Shared/Code_Cheatsheet/Yiru/Code_Cheatsheet_Yiru_collection/Code_Cheatsheet_Yiru_Java_cheat_sheet_comprehensive_guide.pdf,https://zjuintl-my.sharepoint.com/:f:/g/personal/yiru_22_intl_zju_edu_cn/IgDoBTOVj1tKQIgVTYuh7EiiARbvwTZYgynoP30JCfSy3Rk?e=AlKMq4
gp2-yiru-gp-526d301a,GP2 Yiru Outline.pdf,GP2,Yiru,individual_file,core,released,https://raw.githubusercontent.com/CHENyiru3/awesome_ZJE_resource/main/resources/COURSES/Year2/GP2/Yiru/GP2_Yiru_summary/GP2_Yiru_outline.pdf,https://raw.githubusercontent.com/CHENyiru3/awesome_ZJE_resource/main/resources/COURSES/Year2/GP2/Yiru/GP2_Yiru_summary/GP2_Yiru_outline.pdf,https://zjuintl-my.sharepoint.com/:f:/g/personal/yiru_22_intl_zju_edu_cn/IgAQsSutUsB9SKby83Q5DBL8ARaH6G0SwoRC1PcAGeImmn4?e=c7kbO5
ibms3-yiru-experimental-design-ethics-ad7c5ce0,IBMS3 Yiru Experimental Design and Ethics.pdf,IBMS3,Yiru,individual_file,core,released,https://raw.githubusercontent.com/CHENyiru3/awesome_ZJE_resource/main/resources/COURSES/Year3/IBMS3/Yiru/IBMS3_Yiru_full_notes/IBMS3_Yiru_experimental_design_and_ethics.pdf,https://raw.githubusercontent.com/CHENyiru3/awesome_ZJE_resource/main/resources/COURSES/Year3/IBMS3/Yiru/IBMS3_Yiru_full_notes/IBMS3_Yiru_experimental_design_and_ethics.pdf,https://zjuintl-my.sharepoint.com/:f:/g/personal/yiru_22_intl_zju_edu_cn/IgBFjNEq0SJTRoSULgSHjztQARzlUUuGBtdTGMKUllexUtA?e=GY314i
ibms3-yiru-ibms-dry-lab-85f0f986,IBMS3 Yiru Dry Lab Answer Summary.pdf,IBMS3,Yiru,individual_file,core,released,https://raw.githubusercontent.com/CHENyiru3/awesome_ZJE_resource/main/resources/COURSES/Year3/IBMS3/Yiru/IBMS3_Yiru_full_notes/IBMS3_Yiru_dry_lab_answer_summary.pdf,https://raw.githubusercontent.com/CHENyiru3/awesome_ZJE_resource/main/resources/COURSES/Year3/IBMS3/Yiru/IBMS3_Yiru_full_notes/IBMS3_Yiru_dry_lab_answer_summary.pdf,https://zjuintl-my.sharepoint.com/:f:/g/personal/yiru_22_intl_zju_edu_cn/IgBFjNEq0SJTRoSULgSHjztQARzlUUuGBtdTGMKUllexUtA?e=GY314i
ibms3-yiru-ibms-wet-lab-c2d0e5b2,IBMS3 Yiru Wet Lab Answer Summary.pdf,IBMS3,Yiru,individual_file,core,released,https://raw.githubusercontent.com/CHENyiru3/awesome_ZJE_resource/main/resources/COURSES/Year3/IBMS3/Yiru/IBMS3_Yiru_full_notes/IBMS3_Yiru_wet_lab_answer_summary.pdf,https://raw.githubusercontent.com/CHENyiru3/awesome_ZJE_resource/main/resources/COURSES/Year3/IBMS3/Yiru/IBMS3_Yiru_full_notes/IBMS3_Yiru_wet_lab_answer_summary.pdf,https://zjuintl-my.sharepoint.com/:f:/g/personal/yiru_22_intl_zju_edu_cn/IgBFjNEq0SJTRoSULgSHjztQARzlUUuGBtdTGMKUllexUtA?e=GY314i
ibms3-yiru-resource-c3cddfc6,IBMS3 Yiru Experimental Methods Quick Reference.pdf,IBMS3,Yiru,individual_file,core,released,https://raw.githubusercontent.com/CHENyiru3/awesome_ZJE_resource/main/resources/COURSES/Year3/IBMS3/Yiru/IBMS3_Yiru_full_notes/IBMS3_Yiru_experimental_methods_quick_reference.pdf,https://raw.githubusercontent.com/CHENyiru3/awesome_ZJE_resource/main/resources/COURSES/Year3/IBMS3/Yiru/IBMS3_Yiru_full_notes/IBMS3_Yiru_experimental_methods_quick_reference.pdf,https://zjuintl-my.sharepoint.com/:f:/g/personal/yiru_22_intl_zju_edu_cn/IgBFjNEq0SJTRoSULgSHjztQARzlUUuGBtdTGMKUllexUtA?e=GY314i
ibms3-yiru-1-8c2915c2,IBMS3 Yiru Pre-Exam Review.pdf,IBMS3,Yiru,individual_file,core,released,https://raw.githubusercontent.com/CHENyiru3/awesome_ZJE_resource/main/resources/COURSES/Year3/IBMS3/Yiru/IBMS3_Yiru_full_notes/IBMS3_Yiru_pre_exam_review.pdf,https://raw.githubusercontent.com/CHENyiru3/awesome_ZJE_resource/main/resources/COURSES/Year3/IBMS3/Yiru/IBMS3_Yiru_full_notes/IBMS3_Yiru_pre_exam_review.pdf,https://zjuintl-my.sharepoint.com/:f:/g/personal/yiru_22_intl_zju_edu_cn/IgBFjNEq0SJTRoSULgSHjztQARzlUUuGBtdTGMKUllexUtA?e=GY314i
ifbs2-yue-ifbs-theme3-48a20e78,IFBS2 Yue Theme 3 Digestion and Absorption.pdf,IFBS2,Yue,individual_file,core,released,https://raw.githubusercontent.com/CHENyiru3/awesome_ZJE_resource/main/resources/COURSES/Year2/IFBS2/Yue/IFBS2_Yue_theme3_theme4/IFBS2_Yue_theme3_digestion_and_absorption.pdf,https://raw.githubusercontent.com/CHENyiru3/awesome_ZJE_resource/main/resources/COURSES/Year2/IFBS2/Yue/IFBS2_Yue_theme3_theme4/IFBS2_Yue_theme3_digestion_and_absorption.pdf,https://zjuintl-my.sharepoint.com/:f:/g/personal/yiru_22_intl_zju_edu_cn/IgAQsSutUsB9SKby83Q5DBL8ARaH6G0SwoRC1PcAGeImmn4?e=c7kbO5
ifbs2-yue-ifbs-theme3-1-3bc9175b,IFBS2 Yue Theme 3 Digestive Organs 1.pdf,IFBS2,Yue,individual_file,core,released,https://raw.githubusercontent.com/CHENyiru3/awesome_ZJE_resource/main/resources/COURSES/Year2/IFBS2/Yue/IFBS2_Yue_theme3_theme4/IFBS2_Yue_theme3_digestive_organs_1.pdf,https://raw.githubusercontent.com/CHENyiru3/awesome_ZJE_resource/main/resources/COURSES/Year2/IFBS2/Yue/IFBS2_Yue_theme3_theme4/IFBS2_Yue_theme3_digestive_organs_1.pdf,https://zjuintl-my.sharepoint.com/:f:/g/personal/yiru_22_intl_zju_edu_cn/IgAQsSutUsB9SKby83Q5DBL8ARaH6G0SwoRC1PcAGeImmn4?e=c7kbO5
ifbs2-yue-ifbs-theme3-2-6639bdd9,IFBS2 Yue Theme 3 Digestive System 2.pdf,IFBS2,Yue,individual_file,core,released,https://raw.githubusercontent.com/CHENyiru3/awesome_ZJE_resource/main/resources/COURSES/Year2/IFBS2/Yue/IFBS2_Yue_theme3_theme4/IFBS2_Yue_theme3_digestive_system_2.pdf,https://raw.githubusercontent.com/CHENyiru3/awesome_ZJE_resource/main/resources/COURSES/Year2/IFBS2/Yue/IFBS2_Yue_theme3_theme4/IFBS2_Yue_theme3_digestive_system_2.pdf,https://zjuintl-my.sharepoint.com/:f:/g/personal/yiru_22_intl_zju_edu_cn/IgAQsSutUsB9SKby83Q5DBL8ARaH6G0SwoRC1PcAGeImmn4?e=c7kbO5
ifbs2-yue-ifbs-theme4-0d594c28,IFBS2 Yue Theme 4 Incomplete.pdf,IFBS2,Yue,individual_file,core,released,https://raw.githubusercontent.com/CHENyiru3/awesome_ZJE_resource/main/resources/COURSES/Year2/IFBS2/Yue/IFBS2_Yue_theme3_theme4/IFBS2_Yue_theme4_incomplete.pdf,https://raw.githubusercontent.com/CHENyiru3/awesome_ZJE_resource/main/resources/COURSES/Year2/IFBS2/Yue/IFBS2_Yue_theme3_theme4/IFBS2_Yue_theme4_incomplete.pdf,https://zjuintl-my.sharepoint.com/:f:/g/personal/yiru_22_intl_zju_edu_cn/IgAQsSutUsB9SKby83Q5DBL8ARaH6G0SwoRC1PcAGeImmn4?e=c7kbO5
ifbs2-yue-ifbstheme34-tutorialquestion-46239494,IFBS2 Yue Theme 3-4 Tutorial Questions.pdf,IFBS2,Yue,individual_file,core,released,https://raw.githubusercontent.com/CHENyiru3/awesome_ZJE_resource/main/resources/COURSES/Year2/IFBS2/Yue/IFBS2_Yue_theme3_4_tutorial_questions.pdf,https://raw.githubusercontent.com/CHENyiru3/awesome_ZJE_resource/main/resources/COURSES/Year2/IFBS2/Yue/IFBS2_Yue_theme3_4_tutorial_questions.pdf,https://zjuintl-my.sharepoint.com/:f:/g/personal/yiru_22_intl_zju_edu_cn/IgAQsSutUsB9SKby83Q5DBL8ARaH6G0SwoRC1PcAGeImmn4?e=c7kbO5
iid-4-yiru-notebookllm-topic-1-60d3232b,IID4 Yiru NotebookLM Topic 1.pdf,IID_4,Yiru,individual_file,core,released,https://raw.githubusercontent.com/CHENyiru3/awesome_ZJE_resource/main/resources/COURSES/Year4/IID_4/Yiru/IID4_Yiru_full_notes/IID4_Yiru_NotebookLM_topic_1.pdf,https://raw.githubusercontent.com/CHENyiru3/awesome_ZJE_resource/main/resources/COURSES/Year4/IID_4/Yiru/IID4_Yiru_full_notes/IID4_Yiru_NotebookLM_topic_1.pdf,https://zjuintl-my.sharepoint.com/:f:/g/personal/yiru_22_intl_zju_edu_cn/IgCSCCfBxURMSq5JFol9LPT0AUOWaYbFo67D2u_X_O8z508?e=vYnq5P
iid-4-yiru-notebookllm-topic-4-7a0936a8,IID4 Yiru NotebookLM Topic 4.pdf,IID_4,Yiru,individual_file,core,released,https://raw.githubusercontent.com/CHENyiru3/awesome_ZJE_resource/main/resources/COURSES/Year4/IID_4/Yiru/IID4_Yiru_full_notes/IID4_Yiru_NotebookLM_topic_4.pdf,https://raw.githubusercontent.com/CHENyiru3/awesome_ZJE_resource/main/resources/COURSES/Year4/IID_4/Yiru/IID4_Yiru_full_notes/IID4_Yiru_NotebookLM_topic_4.pdf,https://zjuintl-my.sharepoint.com/:f:/g/personal/yiru_22_intl_zju_edu_cn/IgCSCCfBxURMSq5JFol9LPT0AUOWaYbFo67D2u_X_O8z508?e=vYnq5P
iid-4-yiru-notebookllm-topic-5-eva-f9009126,IID4 Yiru NotebookLM Topic 5 EVA.pdf,IID_4,Yiru,individual_file,core,released,https://raw.githubusercontent.com/CHENyiru3/awesome_ZJE_resource/main/resources/COURSES/Year4/IID_4/Yiru/IID4_Yiru_full_notes/IID4_Yiru_NotebookLM_topic_5_EVA.pdf,https://raw.githubusercontent.com/CHENyiru3/awesome_ZJE_resource/main/resources/COURSES/Year4/IID_4/Yiru/IID4_Yiru_full_notes/IID4_Yiru_NotebookLM_topic_5_EVA.pdf,https://zjuintl-my.sharepoint.com/:f:/g/personal/yiru_22_intl_zju_edu_cn/IgCSCCfBxURMSq5JFol9LPT0AUOWaYbFo67D2u_X_O8z508?e=vYnq5P
iid-4-yiru-notebookllm-topic-3-b8bb3fde,IID4 Yiru NotebookLM Topic 3.pdf,IID_4,Yiru,individual_file,core,released,https://raw.githubusercontent.com/CHENyiru3/awesome_ZJE_resource/main/resources/COURSES/Year4/IID_4/Yiru/IID4_Yiru_full_notes/IID4_Yiru_NotebookLM_topic_3.pdf,https://raw.githubusercontent.com/CHENyiru3/awesome_ZJE_resource/main/resources/COURSES/Year4/IID_4/Yiru/IID4_Yiru_full_notes/IID4_Yiru_NotebookLM_topic_3.pdf,https://zjuintl-my.sharepoint.com/:f:/g/personal/yiru_22_intl_zju_edu_cn/IgCSCCfBxURMSq5JFol9LPT0AUOWaYbFo67D2u_X_O8z508?e=vYnq5P
mi2-yue-mi-4b09c058,MI2 Yue Incomplete Notes.pdf,MI2,Yue,individual_file,core,released,https://raw.githubusercontent.com/CHENyiru3/awesome_ZJE_resource/main/resources/COURSES/Year2/MI2/Yue/MI2_Yue_incomplete_notes.pdf,https://raw.githubusercontent.com/CHENyiru3/awesome_ZJE_resource/main/resources/COURSES/Year2/MI2/Yue/MI2_Yue_incomplete_notes.pdf,https://zjuintl-my.sharepoint.com/:f:/g/personal/yiru_22_intl_zju_edu_cn/IgAQsSutUsB9SKby83Q5DBL8ARaH6G0SwoRC1PcAGeImmn4?e=c7kbO5
pon3-yue-pon-angelica-53f4930a,PoN3 Yue Angelica Notes.pdf,PoN3,Yue,individual_file,core,released,https://raw.githubusercontent.com/CHENyiru3/awesome_ZJE_resource/main/resources/COURSES/Year3/PoN3/Yue/PoN3_Yue_notes/PoN3_Yue_Angelica_notes.pdf,https://raw.githubusercontent.com/CHENyiru3/awesome_ZJE_resource/main/resources/COURSES/Year3/PoN3/Yue/PoN3_Yue_notes/PoN3_Yue_Angelica_notes.pdf,https://zjuintl-my.sharepoint.com/:f:/g/personal/yiru_22_intl_zju_edu_cn/IgBFjNEq0SJTRoSULgSHjztQARzlUUuGBtdTGMKUllexUtA?e=GY314i
pon3-yue-pon-gedi-dd612b53,PoN3 Yue Gedi Notes.pdf,PoN3,Yue,individual_file,core,released,https://raw.githubusercontent.com/CHENyiru3/awesome_ZJE_resource/main/resources/COURSES/Year3/PoN3/Yue/PoN3_Yue_notes/PoN3_Yue_Gedi_notes.pdf,https://raw.githubusercontent.com/CHENyiru3/awesome_ZJE_resource/main/resources/COURSES/Year3/PoN3/Yue/PoN3_Yue_notes/PoN3_Yue_Gedi_notes.pdf,https://zjuintl-my.sharepoint.com/:f:/g/personal/yiru_22_intl_zju_edu_cn/IgBFjNEq0SJTRoSULgSHjztQARzlUUuGBtdTGMKUllexUtA?e=GY314i
pon3-yue-pon-0a6b582c,PoN3 Yue Notes.pdf,PoN3,Yue,individual_file,core,released,https://raw.githubusercontent.com/CHENyiru3/awesome_ZJE_resource/main/resources/COURSES/Year3/PoN3/Yue/PoN3_Yue_notes/PoN3_Yue_notes.pdf,https://raw.githubusercontent.com/CHENyiru3/awesome_ZJE_resource/main/resources/COURSES/Year3/PoN3/Yue/PoN3_Yue_notes/PoN3_Yue_notes.pdf,https://zjuintl-my.sharepoint.com/:f:/g/personal/yiru_22_intl_zju_edu_cn/IgBFjNEq0SJTRoSULgSHjztQARzlUUuGBtdTGMKUllexUtA?e=GY314i
pon3-yue-theme-ndd-375a6d7b,PoN3 Yue Neurodegenerative Disease Theme.pdf,PoN3,Yue,individual_file,core,released,https://raw.githubusercontent.com/CHENyiru3/awesome_ZJE_resource/main/resources/COURSES/Year3/PoN3/Yue/PoN3_Yue_notes/PoN3_Yue_neurodegenerative_disease_theme.pdf,https://raw.githubusercontent.com/CHENyiru3/awesome_ZJE_resource/main/resources/COURSES/Year3/PoN3/Yue/PoN3_Yue_notes/PoN3_Yue_neurodegenerative_disease_theme.pdf,https://zjuintl-my.sharepoint.com/:f:/g/personal/yiru_22_intl_zju_edu_cn/IgBFjNEq0SJTRoSULgSHjztQARzlUUuGBtdTGMKUllexUtA?e=GY314i
