id,title,course,contributor,resource_type,release_tier,public_url_status,visibility,payload_state,local_onedrive_path,public_url_to_fill,public_link_released_at_to_fill,next_action
ads2-hal-2022-2023,ADS2 Hal Materials,ADS2,Hal,course_package,large_archive,pending,pending_review,payload unavailable,LARGE_ARCHIVES/COURSES/Year2/ADS2/Hal/ads2_hal_2022_2023,,,hydrate or restore local payload before sharing
bg2-hal-2022-2023,BG2 Hal Materials,BG2,Hal,course_package,large_archive,pending,pending_review,payload unavailable,LARGE_ARCHIVES/COURSES/Year2/BG2/Hal/bg2_hal_2022_2023,,,hydrate or restore local payload before sharing
bia4-hal-2024-2025,BIA4 Hal Materials,BIA4,Hal,course_package,large_archive,pending,pending_review,payload unavailable,LARGE_ARCHIVES/COURSES/Year4/BIA4/Hal/bia4_hal_2024_2025,,,hydrate or restore local payload before sharing
bmi3-hal-2023-2024,BMI3 Hal Materials,BMI3,Hal,course_package,large_archive,pending,pending_review,payload unavailable,LARGE_ARCHIVES/COURSES/Year3/BMI3/Hal/bmi3_hal_2023_2024,,,hydrate or restore local payload before sharing
cbsb3-hal-2023-2024,CBSB3 Hal Materials,CBSB3,Hal,course_package,large_archive,pending,pending_review,payload unavailable,LARGE_ARCHIVES/COURSES/Year3/CBSB3/Hal/cbsb3_hal_2023_2024,,,hydrate or restore local payload before sharing
chem1-hal-2021-2022,CHEM1 Hal Materials,CHEM1,Hal,course_package,large_archive,pending,pending_review,payload unavailable,LARGE_ARCHIVES/COURSES/Year1/CHEM1/Hal/chem1_hal_2021_2022,,,hydrate or restore local payload before sharing
dst2-hal-2022-2023,DST2 Hal Materials,DST2,Hal,course_package,large_archive,pending,pending_review,payload unavailable,LARGE_ARCHIVES/COURSES/Year2/DST2/Hal/dst2_hal_2022_2023,,,hydrate or restore local payload before sharing
gp2-hal-2022-2023,GP2 Hal Materials,GP2,Hal,course_package,large_archive,pending,pending_review,payload unavailable,LARGE_ARCHIVES/COURSES/Year2/GP2/Hal/gp2_hal_2022_2023,,,hydrate or restore local payload before sharing
ibi1-hal-2021-2022,IBI1 Hal Materials,IBI1,Hal,course_package,large_archive,pending,pending_review,payload unavailable,LARGE_ARCHIVES/COURSES/Year1/IBI1/Hal/ibi1_hal_2021_2022,,,hydrate or restore local payload before sharing
ibms1-hal-2021-2022,IBMS1 Hal Materials,IBMS1,Hal,course_package,large_archive,pending,pending_review,payload unavailable,LARGE_ARCHIVES/COURSES/Year1/IBMS1/Hal/ibms1_hal_2021_2022,,,hydrate or restore local payload before sharing
ibms3-hal-2023-2024,IBMS3 Hal Materials,IBMS3,Hal,course_package,large_archive,pending,pending_review,payload unavailable,LARGE_ARCHIVES/COURSES/Year3/IBMS3/Hal/ibms3_hal_2023_2024,,,hydrate or restore local payload before sharing
ibms4-hal-2024-2025,IBMS4 Hal Materials,IBMS4,Hal,course_package,large_archive,pending,pending_review,payload unavailable,LARGE_ARCHIVES/COURSES/Year4/IBMS4/Hal/ibms4_hal_2024_2025,,,hydrate or restore local payload before sharing
icmb1-hal-2021-2022,ICMB1 Hal Materials,ICMB1,Hal,course_package,large_archive,pending,pending_review,payload unavailable,LARGE_ARCHIVES/COURSES/Year1/ICMB1/Hal/icmb1_hal_2021_2022,,,hydrate or restore local payload before sharing
ifbs2-hal-2022-2023,IFBS2 Hal Materials,IFBS2,Hal,course_package,large_archive,pending,pending_review,payload unavailable,LARGE_ARCHIVES/COURSES/Year2/IFBS2/Hal/ifbs2_hal_2022_2023,,,hydrate or restore local payload before sharing
iid4-hal-2024-2025,IID_4 Hal Materials,IID_4,Hal,course_package,large_archive,pending,pending_review,payload unavailable,LARGE_ARCHIVES/COURSES/Year4/IID_4/Hal/iid4_hal_2024_2025,,,hydrate or restore local payload before sharing
math1-hal-calculus-2021-2022,MATH1 Calculus Materials,MATH1,Hal,course_package,large_archive,pending,pending_review,payload unavailable,LARGE_ARCHIVES/COURSES/Year1/MATH1/Hal/math1_hal_calculus_2021_2022,,,hydrate or restore local payload before sharing
math1-hal-statistics-2021-2022,MATH1 Statistics Materials,MATH1,Hal,course_package,large_archive,pending,pending_review,payload unavailable,LARGE_ARCHIVES/COURSES/Year1/MATH1/Hal/math1_hal_statistics_2021_2022,,,hydrate or restore local payload before sharing
mbe3-hal-2023-2024,MBE3 Hal Materials,MBE3,Hal,course_package,large_archive,pending,pending_review,payload unavailable,LARGE_ARCHIVES/COURSES/Year3/MBE3/Hal/mbe3_hal_2023_2024,,,hydrate or restore local payload before sharing
pon3-hal-2023-2024,PoN3 Hal Materials,PoN3,Hal,course_package,large_archive,pending,pending_review,payload unavailable,LARGE_ARCHIVES/COURSES/Year3/PoN3/Hal/pon3_hal_2023_2024,,,hydrate or restore local payload before sharing
zip-bg-maps-xiaoran-etal,BG导图合集_lxrwyqlxf,BG2,Xiaoran_etal,folder_bundle,large_archive,pending,pending_review,payload unavailable,LARGE_ARCHIVES/COURSES/Year2/BG2/Xiaoran_etal/BG导图合集_lxrwyqlxf,,,hydrate or restore local payload before sharing
zip-ifbs-mindmap-xiaoran-etal,思维导图IFBS_lxr,IFBS2,Xiaoran_etal,folder_bundle,large_archive,pending,pending_review,payload unavailable,LARGE_ARCHIVES/COURSES/Year2/IFBS2/Xiaoran_etal/思维导图IFBS_lxr,,,hydrate or restore local payload before sharing
zip-in-lxfwyqlxr,IN_lxfwyqlxr,IN3_full,Xiaoran_etal,folder_bundle,large_archive,pending,pending_review,payload unavailable,LARGE_ARCHIVES/COURSES/Year3/IN3_full/Xiaoran_etal/IN_lxfwyqlxr,,,hydrate or restore local payload before sharing
zip-mbe-lxrwyalxf,MBE_lxrwyalxf,MBE3,Xiaoran_etal,folder_bundle,core,pending,pending_review,payload unavailable,COURSES/Year3/MBE3/Xiaoran_etal/MBE_lxrwyalxf,,,hydrate or restore local payload before sharing
zip-pon-review-lxrwyqlxf,pon复习资料_lxrwyqlxf,PoN3,Xiaoran_etal,folder_bundle,core,pending,pending_review,payload unavailable,COURSES/Year3/PoN3/Xiaoran_etal/pon复习资料_lxrwyqlxf,,,hydrate or restore local payload before sharing
zip-ifbs-theme34-yue,IFBS（theme34),IFBS2,Yue,folder_bundle,core,pending,pending_review,ready for review,COURSES/Year2/IFBS2/Yue/IFBS（theme34),,,paste public URL
zip-pon-yue,pon,PoN3,Yue,folder_bundle,core,pending,pending_review,ready for review,COURSES/Year3/PoN3/Yue/pon,,,paste public URL
zip-bg2-sum-yiru,BG2_sum_Yiru,BG2,Yiru,folder_bundle,core,pending,pending_review,ready for review,COURSES/Year2/BG2/Yiru/BG2_sum_Yiru,,,paste public URL
zip-code-cheatsheet-yiru,Code_Cheatsheet_Yiru,Code_Cheatsheet,Yiru,folder_bundle,core,pending,pending_review,ready for review,COURSES/Resources/Code_Cheatsheet/Yiru/Code_Cheatsheet_Yiru,,,paste public URL
zip-gp2-sum-yiru,GP2_sum_Yiru,GP2,Yiru,folder_bundle,core,pending,pending_review,ready for review,COURSES/Year2/GP2/Yiru/GP2_sum_Yiru,,,paste public URL
zip-ibms3-full-yiru,IBMS3_full_Yiru,IBMS3,Yiru,folder_bundle,core,pending,pending_review,ready for review,COURSES/Year3/IBMS3/Yiru/IBMS3_full_Yiru,,,paste public URL
zip-iid4-full-yiru,IID_4_full_Yiru,IID_4,Yiru,folder_bundle,core,pending,pending_review,ready for review,COURSES/Year4/IID_4/Yiru/IID_4_full_Yiru,,,paste public URL
zip-mbe3-sum-yiru,MBE3_sum_Yiru,MBE3,Yiru,folder_bundle,core,pending,pending_review,ready for review,COURSES/Year3/MBE3/Yiru/MBE3_sum_Yiru,,,paste public URL
zip-pon3-full-yiru,PoN3_full_Yiru,PoN3,Yiru,folder_bundle,core,pending,pending_review,ready for review,COURSES/Year3/PoN3/Yiru/PoN3_full_Yiru,,,paste public URL
bg2-yiru-collection-of-disease-83195e15,Collection of disease.pdf,BG2,Yiru,individual_file,core,pending,pending_review,ready for review,COURSES/Year2/BG2/Yiru/Collection of disease.pdf,,,paste public URL
bg2-yiru-collection-of-technology-6df3a98f,Collection of technology.pdf,BG2,Yiru,individual_file,core,pending,pending_review,ready for review,COURSES/Year2/BG2/Yiru/Collection of technology.pdf,,,paste public URL
bg2-yiru-calculation-c4ec76cf,calculation.pdf,BG2,Yiru,individual_file,core,pending,pending_review,ready for review,COURSES/Year2/BG2/Yiru/calculation.pdf,,,paste public URL
bao2-yue-bao-b4a4d26a,BaO（非完整）.pdf,BaO2,Yue,individual_file,core,pending,pending_review,ready for review,COURSES/Year2/BaO2/Yue/BaO（非完整）.pdf,,,paste public URL
code-cheatsheet-yiru-java-sum-yiru-d19faa4c,JAVA_Sum_yiru.pdf,Code_Cheatsheet,Yiru,individual_file,core,pending,pending_review,ready for review,COURSES/Resources/Code_Cheatsheet/Yiru/JAVA_Sum_yiru.pdf,,,paste public URL
code-cheatsheet-yiru-r-etc-z-library-b26e5231,R数据科学 ( etc.) (Z-Library).pdf,Code_Cheatsheet,Yiru,individual_file,core,pending,pending_review,ready for review,COURSES/Resources/Code_Cheatsheet/Yiru/R数据科学 ( etc.) (Z-Library).pdf,,,paste public URL
code-cheatsheet-yiru-sql-cheat-sheet-02d7f2aa,SQL-cheat-sheet.pdf,Code_Cheatsheet,Yiru,individual_file,core,pending,pending_review,ready for review,COURSES/Resources/Code_Cheatsheet/Yiru/SQL-cheat-sheet.pdf,,,paste public URL
code-cheatsheet-yiru-base-r-cheat-sheet-550428b5,base-r-cheat-sheet.pdf,Code_Cheatsheet,Yiru,individual_file,core,pending,pending_review,ready for review,COURSES/Resources/Code_Cheatsheet/Yiru/base-r-cheat-sheet.pdf,,,paste public URL
code-cheatsheet-yiru-data-visualization-4c76c19d,data-visualization.pdf,Code_Cheatsheet,Yiru,individual_file,core,pending,pending_review,ready for review,COURSES/Resources/Code_Cheatsheet/Yiru/data-visualization.pdf,,,paste public URL
code-cheatsheet-yiru-java-cheat-sheet-comprehensive-guide-a8c2150f,java-cheat-sheet-comprehensive-guide.pdf,Code_Cheatsheet,Yiru,individual_file,core,pending,pending_review,ready for review,COURSES/Resources/Code_Cheatsheet/Yiru/java-cheat-sheet-comprehensive-guide.pdf,,,paste public URL
gp2-yiru-gp-526d301a,GP提纲.pdf,GP2,Yiru,individual_file,core,pending,pending_review,ready for review,COURSES/Year2/GP2/Yiru/GP提纲.pdf,,,paste public URL
ibms3-xiaoran-etal-ibms3-lxrjshtp-32737026,IBMS3答题思路_lxrjshtp.docx,IBMS3,Xiaoran_etal,individual_file,core,pending,pending_review,payload unavailable,COURSES/Year3/IBMS3/Xiaoran_etal/IBMS3答题思路_lxrjshtp.docx,,,hydrate or restore local payload before sharing
ibms3-yiru-experimental-design-ethics-ad7c5ce0,Experimental Design & Ethics.pdf,IBMS3,Yiru,individual_file,core,pending,pending_review,ready for review,COURSES/Year3/IBMS3/Yiru/Experimental Design & Ethics.pdf,,,paste public URL
ibms3-yiru-ibms-dry-lab-85f0f986,IBMS Dry Lab 答题总结.pdf,IBMS3,Yiru,individual_file,core,pending,pending_review,ready for review,COURSES/Year3/IBMS3/Yiru/IBMS Dry Lab 答题总结.pdf,,,paste public URL
ibms3-yiru-ibms-wet-lab-c2d0e5b2,IBMS Wet Lab 答题总结.pdf,IBMS3,Yiru,individual_file,core,pending,pending_review,ready for review,COURSES/Year3/IBMS3/Yiru/IBMS Wet Lab 答题总结.pdf,,,paste public URL
ibms3-yiru-resource-c3cddfc6,一实验方法速查.pdf,IBMS3,Yiru,individual_file,core,pending,pending_review,ready for review,COURSES/Year3/IBMS3/Yiru/一实验方法速查.pdf,,,paste public URL
ibms3-yiru-1-8c2915c2,考前整理(1).pdf,IBMS3,Yiru,individual_file,core,pending,pending_review,ready for review,COURSES/Year3/IBMS3/Yiru/考前整理(1).pdf,,,paste public URL
ifbs2-yue-ifbs-theme3-48a20e78,IFBS theme3_消化吸收过程.pdf,IFBS2,Yue,individual_file,core,pending,pending_review,ready for review,COURSES/Year2/IFBS2/Yue/IFBS theme3_消化吸收过程.pdf,,,paste public URL
ifbs2-yue-ifbs-theme3-1-3bc9175b,IFBS theme3_消化器官1.pdf,IFBS2,Yue,individual_file,core,pending,pending_review,ready for review,COURSES/Year2/IFBS2/Yue/IFBS theme3_消化器官1.pdf,,,paste public URL
ifbs2-yue-ifbs-theme3-2-6639bdd9,IFBS theme3_消化系统2.pdf,IFBS2,Yue,individual_file,core,pending,pending_review,ready for review,COURSES/Year2/IFBS2/Yue/IFBS theme3_消化系统2.pdf,,,paste public URL
ifbs2-yue-ifbs-theme4-0d594c28,IFBS theme4（非完整）.pdf,IFBS2,Yue,individual_file,core,pending,pending_review,ready for review,COURSES/Year2/IFBS2/Yue/IFBS theme4（非完整）.pdf,,,paste public URL
ifbs2-yue-ifbstheme34-tutorialquestion-46239494,IFBStheme34_tutorialquestion.pdf,IFBS2,Yue,individual_file,core,pending,pending_review,ready for review,COURSES/Year2/IFBS2/Yue/IFBStheme34_tutorialquestion.pdf,,,paste public URL
iid-4-yiru-notebookllm-topic-1-60d3232b,NotebookLLM_Topic_1.pdf,IID_4,Yiru,individual_file,core,pending,pending_review,ready for review,COURSES/Year4/IID_4/Yiru/NotebookLLM_Topic_1.pdf,,,paste public URL
iid-4-yiru-notebookllm-topic-4-7a0936a8,NotebookLLM_Topic_4.pdf,IID_4,Yiru,individual_file,core,pending,pending_review,ready for review,COURSES/Year4/IID_4/Yiru/NotebookLLM_Topic_4.pdf,,,paste public URL
iid-4-yiru-notebookllm-topic-5-eva-f9009126,NotebookLLM_Topic_5_EVA.pdf,IID_4,Yiru,individual_file,core,pending,pending_review,ready for review,COURSES/Year4/IID_4/Yiru/NotebookLLM_Topic_5_EVA.pdf,,,paste public URL
iid-4-yiru-notebookllm-topic-3-b8bb3fde,NotebookLLm_Topic_3.pdf,IID_4,Yiru,individual_file,core,pending,pending_review,ready for review,COURSES/Year4/IID_4/Yiru/NotebookLLm_Topic_3.pdf,,,paste public URL
mi2-yue-mi-4b09c058,MI（非完整）.pdf,MI2,Yue,individual_file,core,pending,pending_review,ready for review,COURSES/Year2/MI2/Yue/MI（非完整）.pdf,,,paste public URL
pon3-yue-pon-angelica-53f4930a,pon angelica.pdf,PoN3,Yue,individual_file,core,pending,pending_review,ready for review,COURSES/Year3/PoN3/Yue/pon angelica.pdf,,,paste public URL
pon3-yue-pon-gedi-dd612b53,pon gedi.pdf,PoN3,Yue,individual_file,core,pending,pending_review,ready for review,COURSES/Year3/PoN3/Yue/pon gedi.pdf,,,paste public URL
pon3-yue-pon-0a6b582c,pon笔记.pdf,PoN3,Yue,individual_file,core,pending,pending_review,ready for review,COURSES/Year3/PoN3/Yue/pon笔记.pdf,,,paste public URL
pon3-yue-theme-ndd-375a6d7b,theme NDD.pdf,PoN3,Yue,individual_file,core,pending,pending_review,ready for review,COURSES/Year3/PoN3/Yue/theme NDD.pdf,,,paste public URL
